"movie_id","n_ratings"
"1",1836
"2",1731
"3",4974
"4",2397
"5",2049
"6",1870
"7",43486
"8",21881
"9",6380
"10",4136
"11",16975
"12",5257
"13",6508
"14",11810
"15",7484
"16",12674
"17",46313
"18",23287
"19",11826
"20",3622
"21",37430
"22",32463
"23",7679
"24",96185
"25",78063
"26",26276
"27",3744
"28",42743
"29",3187
"30",131518
"31",24841
"32",22254
"33",9393
"34",7317
"35",84955
"36",6218
"37",2258
"38",1139
"39",1225
"40",826
"41",937
"42",10706
"43",658
"44",82943
"45",48440
"46",90830
"47",27800
"48",5148
"49",1117
"50",5503
"51",27517
"52",8905
"53",10475
"54",2740
"55",35818
"56",19344
"57",4162
"58",24129
"59",1837
"60",4132
"61",1900
"62",2597
"63",1735
"64",7085
"65",1607
"66",37987
"67",1100
"68",4786
"69",25589
"70",17448
"71",22735
"72",46322
"73",3516
"74",3653
"75",5541
"76",5921
"77",14514
"78",115472
"79",6667
"80",1458
"81",3974
"82",4575
"83",20244
"84",27284
"85",8831
"86",5984
"87",15223
"88",31253
"89",2008
"90",3732
"91",88442
"92",12225
"93",3983
"94",1555
"95",124130
"96",4084
"97",15899
"98",834
"99",34838
"100",5987
"101",4222
"102",3430
"103",1284
"104",57414
"105",1018
"106",2065
"107",2763
"108",20461
"109",3259
"110",20370
"111",30966
"112",1893
"113",16172
"114",10684
"115",1249
"116",11046
"117",6203
"118",20985
"119",19212
"120",17693
"121",37696
"122",7356
"123",3996
"124",2306
"125",2487
"126",34776
"127",5141
"128",8869
"129",11628
"130",178090
"131",4073
"132",4582
"133",7205
"134",69623
"135",8044
"136",780
"137",8131
"138",8851
"139",3367
"140",7703
"141",128737
"142",4872
"143",39307
"144",22083
"145",28705
"146",3240
"147",1176
"148",22934
"149",11318
"150",7290
"151",3212
"152",38111
"153",15695
"154",8521
"155",2641
"156",12508
"157",176791
"158",19698
"159",23022
"160",2007
"161",26477
"162",53148
"163",1246
"164",6096
"165",6934
"166",9749
"167",51309
"168",38700
"169",1185
"170",7972
"171",88731
"172",10000
"173",3986
"174",1260
"175",105538
"176",1739
"177",2944
"178",9618
"179",15020
"180",15338
"181",9323
"182",11660
"183",5464
"184",58522
"185",17186
"186",13876
"187",35560
"188",32554
"189",24089
"190",6487
"191",100216
"192",6890
"193",1285
"194",9714
"195",665
"196",4358
"197",83205
"198",53016
"199",94364
"200",11690
"201",4024
"202",4419
"203",588
"204",1960
"205",42367
"206",61569
"207",1960
"208",5515
"209",5360
"210",6636
"211",2920
"212",3541
"213",67600
"214",2081
"215",68057
"216",74577
"217",12464
"218",1951
"219",4633
"220",6078
"221",6285
"222",16102
"223",50266
"224",3192
"225",8869
"226",60599
"227",10364
"228",61289
"229",1756
"230",5416
"231",2342
"232",57540
"233",3857
"234",2469
"235",12815
"236",571
"237",21022
"238",12606
"239",3111
"240",33027
"241",64355
"242",3716
"243",10446
"244",411
"245",2935
"246",115081
"247",91480
"248",28640
"249",9067
"250",1307
"251",4736
"252",38458
"253",17103
"254",17593
"255",57243
"256",13746
"257",27887
"258",4814
"259",7905
"260",1382
"261",118729
"262",59711
"263",1452
"264",1251
"265",3091
"266",1443
"267",9073
"268",9934
"269",83241
"270",37274
"271",42243
"272",2116
"273",35994
"274",5543
"275",17900
"276",4098
"277",4262
"278",6232
"279",26791
"280",2822
"281",14515
"282",10969
"283",7923
"284",138591
"285",15096
"286",3102
"287",6509
"288",5385
"289",6583
"290",55131
"291",15688
"292",3133
"293",2573
"294",895
"295",39358
"296",14190
"297",2424
"298",28644
"299",96333
"300",4745
"301",2783
"302",21086
"303",2290
"304",4047
"305",14958
"306",88463
"307",6963
"308",32846
"309",1908
"310",1335
"311",26681
"312",66113
"313",101191
"314",6069
"315",13156
"316",14213
"317",7800
"318",36203
"319",1925
"320",1055
"321",8934
"322",7866
"323",1254
"324",5509
"325",14768
"326",1453
"327",1086
"328",13053
"329",74228
"330",66886
"331",49598
"332",27893
"333",1369
"334",75918
"335",11713
"336",4878
"337",3439
"338",73238
"339",1503
"340",6392
"341",3667
"342",24371
"343",2814
"344",10875
"345",9278
"346",3594
"347",4425
"348",62638
"349",2254
"350",15795
"351",1196
"352",877
"353",30057
"354",1409
"355",20480
"356",3080
"357",79174
"358",6617
"359",11662
"360",2673
"361",187037
"362",6202
"363",30288
"364",742
"365",1707
"366",5090
"367",18687
"368",19646
"369",6264
"370",4699
"371",30907
"372",6706
"373",644
"374",718
"375",25830
"376",1397
"377",11773
"378",19343
"379",3781
"380",4394
"381",121776
"382",103715
"383",37681
"384",57010
"385",32788
"386",6304
"387",5938
"388",22644
"389",6259
"390",6104
"391",5985
"392",540
"393",12305
"394",2219
"395",3357
"396",102972
"397",1231
"398",7317
"399",4606
"400",8889
"401",11937
"402",545
"403",25255
"404",50637
"405",22300
"406",51701
"407",144562
"408",5050
"409",2175
"410",1613
"411",15479
"412",1633
"413",44838
"414",3373
"415",54944
"416",14448
"417",15215
"418",93696
"419",2735
"420",34100
"421",2221
"422",5862
"423",2138
"424",18758
"425",20191
"426",4756
"427",5868
"428",37606
"429",2635
"430",1914
"431",18024
"432",44919
"433",38798
"434",8315
"435",80711
"436",4202
"437",2397
"438",6703
"439",4677
"440",561
"441",3147
"442",57662
"443",45572
"444",14789
"445",9310
"446",6677
"447",6396
"448",3502
"449",3736
"450",13494
"451",2618
"452",128401
"453",2584
"454",4347
"455",1637
"456",3601
"457",154726
"458",5021
"459",10987
"460",27972
"461",1471
"462",9321
"463",8692
"464",2454
"465",4238
"466",1120
"467",8770
"468",62848
"469",11123
"470",1130
"471",24042
"472",1875
"473",156839
"474",6174
"475",52106
"476",5640
"477",5669
"478",44646
"479",46362
"480",43621
"481",1209
"482",58107
"483",90573
"484",9073
"485",5583
"486",19287
"487",2223
"488",4501
"489",39530
"490",1632
"491",3171
"492",13785
"493",14009
"494",28865
"495",4513
"496",11893
"497",152766
"498",23258
"499",7343
"500",2013
"501",16498
"502",9964
"503",3488
"504",5104
"505",16653
"506",5144
"507",7473
"508",2135
"509",2256
"510",922
"511",14193
"512",974
"513",1352
"514",5496
"515",6119
"516",38426
"517",18068
"518",92568
"519",15465
"520",44956
"521",22305
"522",1240
"523",9548
"524",7879
"525",1889
"526",23669
"527",3056
"528",32848
"529",3092
"530",12002
"531",22329
"532",2314
"533",7026
"534",21695
"535",8179
"536",19019
"537",3364
"538",1019
"539",649
"540",936
"541",3366
"542",9180
"543",10985
"544",1699
"545",1289
"546",132969
"547",25246
"548",11001
"549",10703
"550",34152
"551",41373
"552",3816
"553",2325
"554",8115
"555",105428
"556",125991
"557",35828
"558",63250
"559",2703
"560",15828
"561",3722
"562",1398
"563",31331
"564",25910
"565",1502
"566",6365
"567",7149
"568",1058
"569",5102
"570",48610
"571",155821
"572",25956
"573",2218
"574",14097
"575",16858
"576",22733
"577",8195
"578",23715
"579",2778
"580",9037
"581",3928
"582",3212
"583",669
"584",3708
"585",18976
"586",118155
"587",1096
"588",76873
"589",1960
"590",58437
"591",3655
"592",37338
"593",14181
"594",1334
"595",13232
"596",13334
"597",8473
"598",4461
"599",10603
"600",6004
"601",1029
"602",2753
"603",1331
"604",18868
"605",18633
"606",11261
"607",109987
"608",65042
"609",2287
"610",17693
"611",4016
"612",6240
"613",77611
"614",37705
"615",14248
"616",4130
"617",1621
"618",57240
"619",7364
"620",1224
"621",11823
"622",17887
"623",11414
"624",1825
"625",1581
"626",6248
"627",928
"628",4118
"629",15054
"630",1272
"631",24476
"632",1341
"633",955
"634",4238
"635",5799
"636",20585
"637",4694
"638",34782
"639",3602
"640",3460
"641",6442
"642",10718
"643",9966
"644",2138
"645",9622
"646",17540
"647",2411
"648",802
"649",27972
"650",9687
"651",627
"652",24915
"653",43074
"654",4358
"655",65678
"656",2370
"657",16277
"658",45303
"659",3837
"660",30654
"661",4064
"662",12528
"663",9862
"664",10170
"665",4192
"666",781
"667",5184
"668",12311
"669",1070
"670",61117
"671",3034
"672",102959
"673",3354
"674",8028
"675",42641
"676",75084
"677",10130
"678",3752
"679",878
"680",56291
"681",6183
"682",101696
"683",72012
"684",628
"685",1931
"686",17694
"687",859
"688",21614
"689",35647
"690",17766
"691",15802
"692",64929
"693",14042
"694",3038
"695",5581
"696",7815
"697",1885
"698",8254
"699",17651
"700",8540
"701",1449
"702",1477
"703",19699
"704",882
"705",49860
"706",8549
"707",12934
"708",74586
"709",1883
"710",689
"711",15374
"712",2104
"713",5837
"714",611
"715",2479
"716",5913
"717",5649
"718",3061
"719",19889
"720",27127
"721",11780
"722",8526
"723",15824
"724",50375
"725",9182
"726",831
"727",66694
"728",18625
"729",58692
"730",29874
"731",4431
"732",6909
"733",3734
"734",7788
"735",1421
"736",135014
"737",4421
"738",30326
"739",7092
"740",71849
"741",1782
"742",71269
"743",1179
"744",38502
"745",16305
"746",43095
"747",1075
"748",6231
"749",10598
"750",110840
"751",45360
"752",10168
"753",1153
"754",10481
"755",9820
"756",18337
"757",533
"758",116220
"759",29696
"760",11394
"761",2373
"762",4116
"763",12691
"764",21978
"765",1296
"766",1615
"767",13670
"768",7152
"769",2197
"770",12445
"771",11506
"772",1939
"773",5262
"774",12747
"775",5278
"776",6883
"777",23446
"778",14903
"779",8124
"780",8103
"781",15680
"782",120130
"783",3382
"784",4582
"785",3418
"786",2394
"787",8176
"788",93085
"789",31968
"790",834
"791",5051
"792",3362
"793",16807
"794",95465
"795",1798
"796",2122
"797",9979
"798",89401
"799",16690
"800",10536
"801",589
"802",6234
"803",16686
"804",1733
"805",3026
"806",5430
"807",4192
"808",10859
"809",19083
"810",27934
"811",12541
"812",3328
"813",1628
"814",4575
"815",2090
"816",2135
"817",43933
"818",304284
"819",96178
"820",14367
"821",39542
"822",8516
"823",4947
"824",2820
"825",32348
"826",15102
"827",17430
"828",52896
"829",12649
"830",1830
"831",70580
"832",126731
"833",12519
"834",26563
"835",1391
"836",31713
"837",4029
"838",1037
"839",6523
"840",3968
"841",3527
"842",48896
"843",32981
"844",6536
"845",21330
"846",93240
"847",5849
"848",71518
"849",9875
"850",4221
"851",78593
"852",12475
"853",3231
"854",908
"855",2749
"856",3833
"857",3037
"858",2439
"859",14564
"860",1897
"861",34836
"862",29417
"863",7192
"864",46182
"865",652
"866",32745
"867",3551
"868",59312
"869",5977
"870",27756
"871",2634
"872",48556
"873",139845
"874",20199
"875",6659
"876",732
"877",1382
"878",13504
"879",1378
"880",5015
"881",7783
"882",2382
"883",25088
"884",10357
"885",6247
"886",120018
"887",11387
"888",3551
"889",5422
"890",3296
"891",18379
"892",29036
"893",3903
"894",6860
"895",15961
"896",33511
"897",19006
"898",11517
"899",12761
"900",11876
"901",8575
"902",125920
"903",4123
"904",28504
"905",2451
"906",2867
"907",62786
"908",12990
"909",13631
"910",5452
"911",4988
"912",646
"913",132032
"914",2065
"915",28611
"916",31739
"917",3821
"918",10068
"919",11570
"920",4626
"921",4052
"922",19984
"923",611
"924",2773
"925",1917
"926",5211
"927",2982
"928",987
"929",44768
"930",2713
"931",40069
"932",3351
"933",19732
"934",7813
"935",76110
"936",12721
"937",27611
"938",1153
"939",1073
"940",21288
"941",1589
"942",37273
"943",4013
"944",2589
"945",125623
"946",207776
"947",4129
"948",50073
"949",40255
"950",26171
"951",993
"952",26782
"953",14103
"954",8587
"955",5840
"956",10209
"957",1103
"958",121402
"959",3379
"960",95104
"961",7924
"962",24901
"963",57455
"964",8457
"965",2435
"966",13597
"967",9804
"968",16707
"969",5332
"970",740
"971",3904
"972",4280
"973",76506
"974",3851
"975",18034
"976",6104
"977",5010
"978",35865
"979",5600
"980",4838
"981",6294
"982",4935
"983",1766
"984",7113
"985",90621
"986",4619
"987",474
"988",28320
"989",26844
"990",3881
"991",85298
"992",9323
"993",6076
"994",21454
"995",509
"996",24030
"997",197633
"998",6900
"999",5291
"1000",160584
"1001",8532
"1002",42074
"1003",4691
"1004",12988
"1005",2923
"1006",1328
"1007",3842
"1008",2828
"1009",11693
"1010",7859
"1011",15986
"1012",17015
"1013",907
"1014",7959
"1015",152591
"1016",72793
"1017",14196
"1018",1644
"1019",33853
"1020",61750
"1021",31848
"1022",8550
"1023",22634
"1024",23310
"1025",5413
"1026",33838
"1027",20426
"1028",1682
"1029",32276
"1030",16620
"1031",42407
"1032",6800
"1033",10280
"1034",1471
"1035",36782
"1036",23518
"1037",1706
"1038",1287
"1039",45928
"1040",34446
"1041",6884
"1042",2026
"1043",141314
"1044",10619
"1045",44860
"1046",65035
"1047",3956
"1048",1320
"1049",2162
"1050",30715
"1051",2894
"1052",1786
"1053",529
"1054",1116
"1055",4795
"1056",1096
"1057",1286
"1058",9588
"1059",1036
"1060",11553
"1061",18640
"1062",45463
"1063",21515
"1064",25733
"1065",56023
"1066",51801
"1067",19841
"1068",13694
"1069",3997
"1070",6993
"1071",9982
"1072",115434
"1073",61322
"1074",5416
"1075",6493
"1076",5826
"1077",4611
"1078",7111
"1079",1945
"1080",6179
"1081",671
"1082",1699
"1083",97804
"1084",12413
"1085",2918
"1086",5274
"1087",143458
"1088",11605
"1089",5425
"1090",57642
"1091",3913
"1092",49331
"1093",529
"1094",10338
"1095",1989
"1096",15144
"1097",2351
"1098",7326
"1099",4908
"1100",24256
"1101",5377
"1102",110224
"1103",6866
"1104",13840
"1105",14156
"1106",8547
"1107",1275
"1108",25145
"1109",25705
"1110",112440
"1111",4271
"1112",1661
"1113",31011
"1114",1813
"1115",156576
"1116",8885
"1117",46744
"1118",10145
"1119",1033
"1120",6151
"1121",1822
"1122",16753
"1123",10801
"1124",4293
"1125",895
"1126",15989
"1127",13695
"1128",3181
"1129",72153
"1130",8691
"1131",4990
"1132",3616
"1133",4637
"1134",54050
"1135",7349
"1136",769
"1137",13164
"1138",25411
"1139",7465
"1140",33180
"1141",1745
"1142",5014
"1143",5587
"1144",82595
"1145",146451
"1146",10060
"1147",11862
"1148",133206
"1149",107783
"1150",2956
"1151",18296
"1152",27123
"1153",35050
"1154",3136
"1155",3265
"1156",3447
"1157",33410
"1158",16490
"1159",10252
"1160",57416
"1161",24876
"1162",29228
"1163",10508
"1164",28885
"1165",82850
"1166",33595
"1167",2559
"1168",104620
"1169",38377
"1170",2710
"1171",157029
"1172",9166
"1173",9838
"1174",44784
"1175",13291
"1176",8420
"1177",1148
"1178",47982
"1179",3416
"1180",110615
"1181",1401
"1182",21082
"1183",141868
"1184",2902
"1185",1963
"1186",2349
"1187",10418
"1188",398
"1189",877
"1190",984
"1191",2400
"1192",946
"1193",26610
"1194",1988
"1195",2217
"1196",74217
"1197",16719
"1198",979
"1199",1182
"1200",10825
"1201",17290
"1202",82849
"1203",12669
"1204",5364
"1205",19889
"1206",1906
"1207",111975
"1208",21020
"1209",25900
"1210",14411
"1211",37549
"1212",12698
"1213",11416
"1214",14994
"1215",9130
"1216",15178
"1217",39559
"1218",31891
"1219",43326
"1220",138280
"1221",4880
"1222",2345
"1223",96641
"1224",7959
"1225",3833
"1226",60319
"1227",1680
"1228",29732
"1229",2567
"1230",2282
"1231",26994
"1232",4863
"1233",94083
"1234",36390
"1235",27165
"1236",28904
"1237",2083
"1238",2930
"1239",66695
"1240",2767
"1241",75789
"1242",843
"1243",4223
"1244",1044
"1245",8983
"1246",2935
"1247",1066
"1248",3520
"1249",3130
"1250",9990
"1251",67249
"1252",9587
"1253",780
"1254",129876
"1255",39846
"1256",14536
"1257",18004
"1258",713
"1259",1484
"1260",2478
"1261",41099
"1262",10358
"1263",62025
"1264",13657
"1265",2155
"1266",7570
"1267",50195
"1268",1673
"1269",1346
"1270",4030
"1271",1102
"1272",3928
"1273",1763
"1274",4651
"1275",23005
"1276",62081
"1277",108166
"1278",3269
"1279",54519
"1280",2242
"1281",36091
"1282",4778
"1283",3825
"1284",4462
"1285",8564
"1286",6588
"1287",8775
"1288",56950
"1289",91273
"1290",1010
"1291",5172
"1292",4693
"1293",109811
"1294",63842
"1295",24528
"1296",5967
"1297",35198
"1298",3030
"1299",6029
"1300",74726
"1301",1689
"1302",2381
"1303",78577
"1304",10431
"1305",35573
"1306",6015
"1307",126239
"1308",81828
"1309",2942
"1310",12869
"1311",1375
"1312",2006
"1313",5345
"1314",26316
"1315",75136
"1316",6680
"1317",9792
"1318",4124
"1319",1611
"1320",1189
"1321",1972
"1322",2955
"1323",1889
"1324",189375
"1325",640
"1326",1247
"1327",4877
"1328",2147
"1329",8739
"1330",477
"1331",31769
"1332",1600
"1333",1183
"1334",803
"1335",31638
"1336",9915
"1337",34007
"1338",19056
"1339",2157
"1340",116373
"1341",5956
"1342",10644
"1343",2615
"1344",23064
"1345",128164
"1346",17058
"1347",1347
"1348",9533
"1349",10106
"1350",9561
"1351",89839
"1352",4094
"1353",1544
"1354",5689
"1355",16822
"1356",11219
"1357",17784
"1358",94787
"1359",7489
"1360",7305
"1361",1246
"1362",12447
"1363",131686
"1364",17260
"1365",8578
"1366",6120
"1367",44773
"1368",1996
"1369",527
"1370",35833
"1371",11089
"1372",10078
"1373",120073
"1374",2108
"1375",12321
"1376",16928
"1377",2811
"1378",4437
"1379",1391
"1380",3090
"1381",5920
"1382",7655
"1383",22180
"1384",6366
"1385",6842
"1386",26483
"1387",11488
"1388",44449
"1389",6661
"1390",2799
"1391",8192
"1392",30498
"1393",3224
"1394",17025
"1395",12790
"1396",25287
"1397",68962
"1398",25335
"1399",9435
"1400",6563
"1401",6459
"1402",12552
"1403",9079
"1404",5716
"1405",1561
"1406",74951
"1407",10808
"1408",13505
"1409",34027
"1410",32192
"1411",1063
"1412",21696
"1413",71683
"1414",9037
"1415",63041
"1416",748
"1417",17379
"1418",3699
"1419",1356
"1420",5251
"1421",5576
"1422",944
"1423",29282
"1424",1093
"1425",87973
"1426",4858
"1427",123414
"1428",116298
"1429",11755
"1430",519
"1431",3355
"1432",6800
"1433",9625
"1434",12974
"1435",21489
"1436",2290
"1437",7888
"1438",3082
"1439",7744
"1440",98571
"1441",10135
"1442",2271
"1443",4446
"1444",4909
"1445",4828
"1446",3407
"1447",26387
"1448",17972
"1449",2927
"1450",4083
"1451",2726
"1452",15757
"1453",16930
"1454",12771
"1455",22601
"1456",24555
"1457",2100
"1458",20627
"1459",5591
"1460",23577
"1461",5142
"1462",12036
"1463",24045
"1464",6885
"1465",1411
"1466",42199
"1467",24536
"1468",21352
"1469",2363
"1470",103328
"1471",12348
"1472",7284
"1473",5138
"1474",1225
"1475",13357
"1476",15814
"1477",562
"1478",3664
"1479",7317
"1480",1181
"1481",9385
"1482",17835
"1483",4449
"1484",4904
"1485",27345
"1486",3280
"1487",1222
"1488",26927
"1489",56707
"1490",1572
"1491",17559
"1492",63649
"1493",5997
"1494",6132
"1495",25769
"1496",1153
"1497",1662
"1498",42477
"1499",1724
"1500",2087
"1501",7849
"1502",87211
"1503",9701
"1504",8275
"1505",3307
"1506",23082
"1507",2638
"1508",20667
"1509",40763
"1510",1920
"1511",8775
"1512",3874
"1513",4439
"1514",13538
"1515",19121
"1516",3960
"1517",6089
"1518",12359
"1519",25189
"1520",100726
"1521",5339
"1522",29420
"1523",50978
"1524",29940
"1525",6446
"1526",9501
"1527",4946
"1528",14176
"1529",28944
"1530",94698
"1531",83934
"1532",10015
"1533",4990
"1534",3666
"1535",34925
"1536",3409
"1537",25472
"1538",168837
"1539",1225
"1540",2460
"1541",7385
"1542",185590
"1543",109926
"1544",11488
"1545",1292
"1546",832
"1547",6001
"1548",931
"1549",49176
"1550",2711
"1551",62424
"1552",10166
"1553",6955
"1554",7241
"1555",858
"1556",2033
"1557",2864
"1558",13148
"1559",1792
"1560",1914
"1561",190474
"1562",825
"1563",23145
"1564",86461
"1565",4579
"1566",1142
"1567",8684
"1568",15096
"1569",22461
"1570",639
"1571",45801
"1572",1413
"1573",65907
"1574",14998
"1575",61918
"1576",6862
"1577",1183
"1578",19154
"1579",2819
"1580",2242
"1581",16006
"1582",15386
"1583",944
"1584",3543
"1585",28619
"1586",55985
"1587",2841
"1588",10791
"1589",4497
"1590",43752
"1591",1475
"1592",6379
"1593",40199
"1594",78166
"1595",19874
"1596",22375
"1597",2145
"1598",21069
"1599",34219
"1600",88751
"1601",15901
"1602",7594
"1603",18874
"1604",6741
"1605",2703
"1606",9087
"1607",3614
"1608",1188
"1609",2100
"1610",87940
"1611",39593
"1612",4492
"1613",1869
"1614",6113
"1615",73529
"1616",5625
"1617",8526
"1618",56682
"1619",1468
"1620",37071
"1621",7893
"1622",60314
"1623",19512
"1624",3540
"1625",72446
"1626",2862
"1627",5665
"1628",3545
"1629",2001
"1630",1079
"1631",2703
"1632",111991
"1633",8447
"1634",28485
"1635",132558
"1636",5511
"1637",20373
"1638",10764
"1639",4376
"1640",8299
"1641",4455
"1642",48311
"1643",10440
"1644",12642
"1645",24309
"1646",17475
"1647",8219
"1648",3156
"1649",4801
"1650",60171
"1651",4109
"1652",3965
"1653",4905
"1654",2225
"1655",3386
"1656",5909
"1657",1521
"1658",4970
"1659",56228
"1660",4141
"1661",21403
"1662",24170
"1663",4384
"1664",8581
"1665",8918
"1666",8091
"1667",51527
"1668",8489
"1669",3567
"1670",18402
"1671",3262
"1672",7627
"1673",13020
"1674",2645
"1675",7765
"1676",29948
"1677",4297
"1678",7455
"1679",24013
"1680",10687
"1681",77419
"1682",29913
"1683",5016
"1684",23932
"1685",3615
"1686",3059
"1687",2141
"1688",7510
"1689",29042
"1690",30450
"1691",87458
"1692",10223
"1693",16465
"1694",6927
"1695",106121
"1696",138975
"1697",123636
"1698",736
"1699",2599
"1700",30873
"1701",5673
"1702",7582
"1703",93252
"1704",7849
"1705",6664
"1706",65361
"1707",155209
"1708",15899
"1709",21096
"1710",14528
"1711",78548
"1712",1844
"1713",2211
"1714",696
"1715",3378
"1716",5296
"1717",44348
"1718",71280
"1719",60059
"1720",16616
"1721",8656
"1722",31992
"1723",6104
"1724",30197
"1725",6056
"1726",6975
"1727",3615
"1728",5807
"1729",2899
"1730",5317
"1731",1903
"1732",65432
"1733",1430
"1734",12108
"1735",14276
"1736",37886
"1737",136241
"1738",57478
"1739",2261
"1740",163178
"1741",46743
"1742",3178
"1743",37653
"1744",98143
"1745",7885
"1746",14635
"1747",16515
"1748",5374
"1749",68555
"1750",2330
"1751",3334
"1752",15621
"1753",917
"1754",67880
"1755",8541
"1756",29424
"1757",222497
"1758",8436
"1759",3936
"1760",13376
"1761",1753
"1762",28321
"1763",10386
"1764",7794
"1765",16592
"1766",3635
"1767",34931
"1768",7824
"1769",29976
"1770",31356
"1771",29939
"1772",13298
"1773",1613
"1774",5471
"1775",84572
"1776",34920
"1777",903
"1778",9983
"1779",4631
"1780",3776
"1781",5156
"1782",23422
"1783",7607
"1784",68953
"1785",2977
"1786",14275
"1787",5116
"1788",202090
"1789",85480
"1790",6641
"1791",11905
"1792",13754
"1793",4967
"1794",15322
"1795",17870
"1796",17436
"1797",7959
"1798",114389
"1799",63445
"1800",10213
"1801",2277
"1802",1845
"1803",63562
"1804",13450
"1805",506
"1806",582
"1807",3466
"1808",1044
"1809",1907
"1810",69421
"1811",601
"1812",105002
"1813",971
"1814",16365
"1815",32215
"1816",19190
"1817",1751
"1818",1869
"1819",16062
"1820",7206
"1821",2736
"1822",20214
"1823",919
"1824",1557
"1825",5408
"1826",2192
"1827",2067
"1828",24711
"1829",5004
"1830",182240
"1831",3600
"1832",39506
"1833",32038
"1834",5150
"1835",5288
"1836",1822
"1837",69305
"1838",223819
"1839",4883
"1840",34273
"1841",24100
"1842",36984
"1843",48635
"1844",20171
"1845",3544
"1846",5773
"1847",789
"1848",64178
"1849",3764
"1850",4040
"1851",82574
"1852",10585
"1853",22387
"1854",165727
"1855",4178
"1856",20584
"1857",3801
"1858",8169
"1859",1963
"1860",7611
"1861",27670
"1862",11435
"1863",23589
"1864",594
"1865",112404
"1866",56905
"1867",185761
"1868",1871
"1869",2267
"1870",14768
"1871",4064
"1872",4052
"1873",2296
"1874",18780
"1875",7350
"1876",2792
"1877",34813
"1878",3600
"1879",149134
"1880",32254
"1881",674
"1882",5135
"1883",1630
"1884",16485
"1885",6692
"1886",5934
"1887",151300
"1888",3977
"1889",6677
"1890",29026
"1891",4890
"1892",1655
"1893",5228
"1894",357
"1895",3105
"1896",2547
"1897",3635
"1898",1935
"1899",25407
"1900",16036
"1901",24975
"1902",21700
"1903",1435
"1904",8543
"1905",201654
"1906",877
"1907",784
"1908",944
"1909",88268
"1910",2446
"1911",6331
"1912",4836
"1913",9690
"1914",4452
"1915",6155
"1916",7862
"1917",6925
"1918",32313
"1919",8999
"1920",1035
"1921",1348
"1922",30131
"1923",3323
"1924",26268
"1925",13821
"1926",2512
"1927",3436
"1928",1701
"1929",140470
"1930",2956
"1931",24826
"1932",2236
"1933",4253
"1934",1027
"1935",1273
"1936",1925
"1937",2826
"1938",25262
"1939",139829
"1940",22961
"1941",2928
"1942",76344
"1943",4706
"1944",1588
"1945",2455
"1946",41348
"1947",5478
"1948",6525
"1949",4717
"1950",53045
"1951",50847
"1952",6555
"1953",672
"1954",41681
"1955",78359
"1956",22840
"1957",5022
"1958",1753
"1959",6540
"1960",1729
"1961",20877
"1962",157902
"1963",69400
"1964",975
"1965",57354
"1966",10664
"1967",3950
"1968",5124
"1969",17040
"1970",2112
"1971",12351
"1972",153405
"1973",11238
"1974",25195
"1975",89280
"1976",135312
"1977",3015
"1978",48433
"1979",761
"1980",1161
"1981",14938
"1982",8490
"1983",75815
"1984",1900
"1985",2437
"1986",4708
"1987",11311
"1988",55601
"1989",18685
"1990",915
"1991",2260
"1992",2041
"1993",2119
"1994",17173
"1995",7417
"1996",5934
"1997",1798
"1998",86510
"1999",80947
"2000",44495
"2001",40571
"2002",2104
"2003",14637
"2004",16257
"2005",1959
"2006",23275
"2007",804
"2008",23997
"2009",73273
"2010",4997
"2011",79900
"2012",32795
"2013",8694
"2014",40409
"2015",32336
"2016",33347
"2017",18001
"2018",24227
"2019",3269
"2020",4834
"2021",1316
"2022",2479
"2023",1755
"2024",32561
"2025",11207
"2026",111669
"2027",94615
"2028",1598
"2029",10914
"2030",4319
"2031",1665
"2032",23663
"2033",9378
"2034",2793
"2035",5350
"2036",1800
"2037",13855
"2038",2723
"2039",1435
"2040",14427
"2041",1555
"2042",46306
"2043",16317
"2044",11976
"2045",7174
"2046",15496
"2047",3740
"2048",2770
"2049",2222
"2050",3016
"2051",5690
"2052",11445
"2053",56088
"2054",32921
"2055",86911
"2056",67516
"2057",58960
"2058",83617
"2059",3325
"2060",766
"2061",27947
"2062",25879
"2063",2035
"2064",4426
"2065",2722
"2066",6622
"2067",35061
"2068",1799
"2069",98403
"2070",4763
"2071",1523
"2072",21775
"2073",205831
"2074",2350
"2075",22593
"2076",12123
"2077",10625
"2078",25280
"2079",7978
"2080",6504
"2081",1435
"2082",29230
"2083",24874
"2084",2158
"2085",5051
"2086",5238
"2087",5028
"2088",16453
"2089",2237
"2090",6190
"2091",5727
"2092",3701
"2093",8738
"2094",1069
"2095",88469
"2096",2837
"2097",38152
"2098",30081
"2099",6359
"2100",27174
"2101",1812
"2102",9334
"2103",17835
"2104",215799
"2105",118923
"2106",13277
"2107",19186
"2108",4144
"2109",6810
"2110",15541
"2111",4703
"2112",90076
"2113",50757
"2114",20197
"2115",20644
"2116",69362
"2117",8195
"2118",2264
"2119",5094
"2120",2431
"2121",1384
"2122",106709
"2123",1057
"2124",5736
"2125",3484
"2126",7424
"2127",118304
"2128",46549
"2129",30373
"2130",7557
"2131",7441
"2132",54619
"2133",14282
"2134",4159
"2135",15193
"2136",23095
"2137",8455
"2138",10528
"2139",23143
"2140",9181
"2141",3788
"2142",15929
"2143",23382
"2144",11304
"2145",984
"2146",18166
"2147",880
"2148",4496
"2149",14402
"2150",2992
"2151",1432
"2152",163787
"2153",23951
"2154",1680
"2155",2560
"2156",10815
"2157",2688
"2158",1373
"2159",3419
"2160",3024
"2161",10456
"2162",44129
"2163",29645
"2164",35788
"2165",36260
"2166",24559
"2167",21101
"2168",28295
"2169",1234
"2170",2270
"2171",53457
"2172",25735
"2173",49550
"2174",44129
"2175",9500
"2176",4344
"2177",6444
"2178",81156
"2179",1891
"2180",5457
"2181",4893
"2182",21378
"2183",815
"2184",6484
"2185",1370
"2186",62384
"2187",4952
"2188",100019
"2189",12957
"2190",31629
"2191",9679
"2192",32588
"2193",128055
"2194",16865
"2195",23299
"2196",104083
"2197",1183
"2198",13703
"2199",7974
"2200",80004
"2201",3862
"2202",4429
"2203",41054
"2204",840
"2205",1634
"2206",2519
"2207",7617
"2208",2995
"2209",72961
"2210",1969
"2211",40343
"2212",16204
"2213",3303
"2214",1085
"2215",178454
"2216",7593
"2217",59855
"2218",4004
"2219",4496
"2220",1313
"2221",78472
"2222",22623
"2223",4227
"2224",2357
"2225",9297
"2226",1748
"2227",10622
"2228",4425
"2229",2626
"2230",14788
"2231",808
"2232",11317
"2233",112403
"2234",2161
"2235",7253
"2236",39218
"2237",25727
"2238",758
"2239",2185
"2240",58556
"2241",17395
"2242",14908
"2243",2628
"2244",1005
"2245",2644
"2246",5292
"2247",642
"2248",1885
"2249",4748
"2250",1099
"2251",7675
"2252",35391
"2253",1706
"2254",27315
"2255",2114
"2256",6001
"2257",10590
"2258",11801
"2259",3110
"2260",12433
"2261",59696
"2262",3963
"2263",996
"2264",11081
"2265",2801
"2266",3751
"2267",6120
"2268",7576
"2269",13628
"2270",2359
"2271",1698
"2272",14567
"2273",3042
"2274",688
"2275",7527
"2276",17141
"2277",3744
"2278",1052
"2279",88452
"2280",96997
"2281",757
"2282",898
"2283",1932
"2284",11523
"2285",11693
"2286",5902
"2287",9171
"2288",2133
"2289",1531
"2290",63493
"2291",911
"2292",3664
"2293",4844
"2294",1402
"2295",25550
"2296",2594
"2297",7335
"2298",97144
"2299",3488
"2300",4868
"2301",2431
"2302",9882
"2303",988
"2304",38392
"2305",10297
"2306",2006
"2307",26675
"2308",12752
"2309",3628
"2310",12874
"2311",157295
"2312",10508
"2313",3237
"2314",13070
"2315",10216
"2316",9653
"2317",7120
"2318",1831
"2319",12853
"2320",994
"2321",3984
"2322",26008
"2323",5827
"2324",1462
"2325",6518
"2326",7981
"2327",9159
"2328",3740
"2329",16279
"2330",86965
"2331",5511
"2332",15721
"2333",15928
"2334",87790
"2335",57533
"2336",4366
"2337",5041
"2338",7888
"2339",3378
"2340",14582
"2341",7539
"2342",93773
"2343",5190
"2344",1682
"2345",144308
"2346",3208
"2347",5375
"2348",57324
"2349",5364
"2350",14270
"2351",15149
"2352",4338
"2353",4898
"2354",1294
"2355",1682
"2356",4456
"2357",5261
"2358",693
"2359",1540
"2360",135482
"2361",50858
"2362",12390
"2363",47432
"2364",1003
"2365",3256
"2366",27330
"2367",3418
"2368",3997
"2369",20834
"2370",4173
"2371",21743
"2372",145091
"2373",10827
"2374",7332
"2375",43933
"2376",18286
"2377",2494
"2378",3383
"2379",10846
"2380",17034
"2381",14657
"2382",1419
"2383",17306
"2384",4472
"2385",8502
"2386",10882
"2387",15854
"2388",120393
"2389",21006
"2390",2467
"2391",161491
"2392",2870
"2393",1146
"2394",14219
"2395",43530
"2396",1161
"2397",152367
"2398",6294
"2399",1714
"2400",22457
"2401",1416
"2402",42462
"2403",58340
"2404",4706
"2405",11356
"2406",6575
"2407",9855
"2408",6058
"2409",28604
"2410",21177
"2411",15224
"2412",27588
"2413",5520
"2414",4042
"2415",1071
"2416",2625
"2417",9681
"2418",6349
"2419",9902
"2420",23236
"2421",100133
"2422",13731
"2423",10957
"2424",10057
"2425",3055
"2426",552
"2427",2836
"2428",35852
"2429",15801
"2430",50709
"2431",10659
"2432",90129
"2433",13347
"2434",3912
"2435",9757
"2436",14178
"2437",27596
"2438",5612
"2439",1768
"2440",24372
"2441",23988
"2442",6177
"2443",36965
"2444",1753
"2445",2237
"2446",22060
"2447",7146
"2448",62142
"2449",24795
"2450",3389
"2451",56133
"2452",171466
"2453",64603
"2454",4629
"2455",1758
"2456",20847
"2457",35901
"2458",7778
"2459",16617
"2460",18938
"2461",13677
"2462",73214
"2463",35970
"2464",11682
"2465",55423
"2466",1848
"2467",145011
"2468",7770
"2469",12091
"2470",56946
"2471",5904
"2472",128603
"2473",176872
"2474",7213
"2475",112940
"2476",17523
"2477",103402
"2478",13106
"2479",30051
"2480",4343
"2481",3437
"2482",9447
"2483",4465
"2484",13168
"2485",1202
"2486",75008
"2487",4220
"2488",3199
"2489",17217
"2490",45551
"2491",47452
"2492",17295
"2493",4502
"2494",14902
"2495",85911
"2496",1214
"2497",1885
"2498",4813
"2499",36472
"2500",4815
"2501",3716
"2502",1175
"2503",2106
"2504",6863
"2505",9746
"2506",4016
"2507",19593
"2508",16370
"2509",7950
"2510",17251
"2511",3162
"2512",15888
"2513",1962
"2514",4924
"2515",5231
"2516",5303
"2517",2453
"2518",13628
"2519",18572
"2520",112507
"2521",6064
"2522",14720
"2523",7328
"2524",3817
"2525",10535
"2526",10937
"2527",22417
"2528",10395
"2529",10223
"2530",8258
"2531",6226
"2532",18283
"2533",73335
"2534",6791
"2535",81368
"2536",2342
"2537",1252
"2538",4038
"2539",5527
"2540",2887
"2541",59313
"2542",13022
"2543",3045
"2544",13646
"2545",2390
"2546",4941
"2547",2442
"2548",13463
"2549",26282
"2550",5481
"2551",5981
"2552",53177
"2553",1516
"2554",31258
"2555",85078
"2556",32215
"2557",1996
"2558",82534
"2559",4212
"2560",1735
"2561",42144
"2562",2915
"2563",2425
"2564",2029
"2565",26286
"2566",8348
"2567",2465
"2568",44675
"2569",4248
"2570",4672
"2571",112091
"2572",18293
"2573",12366
"2574",8726
"2575",4752
"2576",1163
"2577",21055
"2578",52712
"2579",15183
"2580",83714
"2581",707
"2582",5574
"2583",1924
"2584",5886
"2585",52609
"2586",34771
"2587",1706
"2588",20976
"2589",26647
"2590",8408
"2591",2613
"2592",9496
"2593",626
"2594",42495
"2595",33209
"2596",2576
"2597",1201
"2598",2248
"2599",8747
"2600",7732
"2601",16541
"2602",110527
"2603",5350
"2604",695
"2605",7299
"2606",1969
"2607",8658
"2608",16763
"2609",3503
"2610",10727
"2611",7987
"2612",94446
"2613",21027
"2614",1565
"2615",4325
"2616",1600
"2617",52613
"2618",9605
"2619",11689
"2620",2407
"2621",2240
"2622",6683
"2623",1703
"2624",6756
"2625",1830
"2626",11639
"2627",90506
"2628",12734
"2629",1512
"2630",35113
"2631",8347
"2632",11347
"2633",4131
"2634",9325
"2635",21185
"2636",9451
"2637",1960
"2638",10379
"2639",12855
"2640",22399
"2641",38536
"2642",4325
"2643",10375
"2644",3848
"2645",3761
"2646",24053
"2647",3800
"2648",2931
"2649",69807
"2650",11362
"2651",8781
"2652",941
"2653",4356
"2654",3535
"2655",8923
"2656",59709
"2657",638
"2658",9146
"2659",21501
"2660",81254
"2661",20758
"2662",6196
"2663",9243
"2664",20790
"2665",18402
"2666",10002
"2667",16196
"2668",3043
"2669",3330
"2670",16771
"2671",5269
"2672",23084
"2673",4347
"2674",29333
"2675",27055
"2676",29162
"2677",7076
"2678",52995
"2679",3504
"2680",66454
"2681",18035
"2682",2999
"2683",4173
"2684",2950
"2685",44820
"2686",1967
"2687",7052
"2688",1406
"2689",2611
"2690",30040
"2691",4366
"2692",2066
"2693",22736
"2694",109461
"2695",7454
"2696",46163
"2697",17124
"2698",14228
"2699",61640
"2700",12255
"2701",45578
"2702",4519
"2703",2251
"2704",4529
"2705",7995
"2706",1955
"2707",2204
"2708",44204
"2709",24579
"2710",4959
"2711",8308
"2712",9729
"2713",2343
"2714",674
"2715",110752
"2716",27481
"2717",579
"2718",3611
"2719",11387
"2720",46632
"2721",12699
"2722",10612
"2723",10645
"2724",4153
"2725",9937
"2726",1739
"2727",12622
"2728",6037
"2729",2569
"2730",1043
"2731",82132
"2732",2422
"2733",4207
"2734",112786
"2735",161305
"2736",8064
"2737",1991
"2738",22133
"2739",16080
"2740",18686
"2741",77765
"2742",988
"2743",66040
"2744",1327
"2745",1755
"2746",61911
"2747",1806
"2748",3167
"2749",3068
"2750",37929
"2751",37256
"2752",1155
"2753",2315
"2754",9332
"2755",20391
"2756",2916
"2757",15841
"2758",5804
"2759",6771
"2760",2884
"2761",93727
"2762",4584
"2763",2307
"2764",682
"2765",8128
"2766",1940
"2767",6007
"2768",1997
"2769",3325
"2770",4307
"2771",21927
"2772",110167
"2773",1520
"2774",2085
"2775",23246
"2776",7884
"2777",4934
"2778",2837
"2779",31302
"2780",64015
"2781",3508
"2782",232480
"2783",46771
"2784",13224
"2785",1693
"2786",5420
"2787",2081
"2788",988
"2789",36551
"2790",3539
"2791",29039
"2792",14024
"2793",18830
"2794",8162
"2795",28967
"2796",4447
"2797",954
"2798",5858
"2799",4648
"2800",67099
"2801",12711
"2802",34371
"2803",23382
"2804",46375
"2805",26671
"2806",2013
"2807",2790
"2808",6498
"2809",31312
"2810",2465
"2811",4464
"2812",1959
"2813",14506
"2814",35167
"2815",8731
"2816",16156
"2817",735
"2818",18454
"2819",1640
"2820",1045
"2821",8055
"2822",7112
"2823",7002
"2824",82263
"2825",19697
"2826",4029
"2827",983
"2828",3188
"2829",1442
"2830",2291
"2831",52432
"2832",95002
"2833",3323
"2834",38897
"2835",1349
"2836",24566
"2837",97142
"2838",2795
"2839",1327
"2840",1094
"2841",4742
"2842",54690
"2843",2080
"2844",20937
"2845",3188
"2846",41763
"2847",7238
"2848",29168
"2849",1313
"2850",2351
"2851",27031
"2852",3077
"2853",11358
"2854",827
"2855",22269
"2856",52060
"2857",36152
"2858",4609
"2859",1397
"2860",2012
"2861",42504
"2862",133613
"2863",2640
"2864",87567
"2865",95139
"2866",35407
"2867",10278
"2868",8075
"2869",41801
"2870",7436
"2871",10621
"2872",14013
"2873",6888
"2874",192462
"2875",185781
"2876",13352
"2877",1171
"2878",2468
"2879",2943
"2880",55247
"2881",2924
"2882",70861
"2883",925
"2884",5107
"2885",1697
"2886",15783
"2887",1201
"2888",1556
"2889",4130
"2890",31512
"2891",4598
"2892",34444
"2893",9431
"2894",3299
"2895",37038
"2896",13127
"2897",11894
"2898",154548
"2899",8833
"2900",78527
"2901",2522
"2902",14215
"2903",2491
"2904",751
"2905",121649
"2906",3375
"2907",17702
"2908",2720
"2909",1023
"2910",2875
"2911",13290
"2912",5103
"2913",110405
"2914",16354
"2915",6209
"2916",14447
"2917",56575
"2918",8103
"2919",70487
"2920",23070
"2921",8966
"2922",44566
"2923",1176
"2924",8232
"2925",18298
"2926",4062
"2927",5345
"2928",7056
"2929",4565
"2930",41774
"2931",41549
"2932",3684
"2933",3005
"2934",2049
"2935",39081
"2936",37601
"2937",7273
"2938",22096
"2939",37423
"2940",18468
"2941",847
"2942",20125
"2943",2026
"2944",9055
"2945",143794
"2946",9940
"2947",1276
"2948",10094
"2949",5422
"2950",21370
"2951",129500
"2952",1601
"2953",50786
"2954",7499
"2955",17158
"2956",2105
"2957",1335
"2958",31041
"2959",6129
"2960",36559
"2961",10568
"2962",35920
"2963",7792
"2964",4432
"2965",13923
"2966",996
"2967",2973
"2968",3194
"2969",1532
"2970",4896
"2971",7299
"2972",83712
"2973",2987
"2974",38429
"2975",1469
"2976",99514
"2977",14552
"2978",11116
"2979",1251
"2980",2890
"2981",21434
"2982",6057
"2983",5974
"2984",30231
"2985",23883
"2986",10308
"2987",1344
"2988",6245
"2989",6221
"2990",46040
"2991",1094
"2992",53865
"2993",1340
"2994",21839
"2995",29300
"2996",40882
"2997",6340
"2998",5120
"2999",10059
"3000",3678
"3001",3648
"3002",3170
"3003",3439
"3004",1149
"3005",8308
"3006",1731
"3007",955
"3008",5602
"3009",6674
"3010",257782
"3011",31974
"3012",77884
"3013",51124
"3014",64350
"3015",25320
"3016",3619
"3017",174022
"3018",29952
"3019",2064
"3020",6001
"3021",8659
"3022",200676
"3023",66077
"3024",36789
"3025",7786
"3026",4899
"3027",4540
"3028",37978
"3029",2668
"3030",11303
"3031",836
"3032",6185
"3033",24272
"3034",65460
"3035",25100
"3036",19202
"3037",1847
"3038",1825
"3039",45586
"3040",2436
"3041",434
"3042",1797
"3043",5447
"3044",3119
"3045",36100
"3046",31414
"3047",8492
"3048",52139
"3049",791
"3050",4163
"3051",12420
"3052",11859
"3053",9319
"3054",6817
"3055",2601
"3056",16926
"3057",2054
"3058",22960
"3059",590
"3060",1402
"3061",2178
"3062",3198
"3063",3083
"3064",24509
"3065",7649
"3066",714
"3067",12126
"3068",2008
"3069",2032
"3070",44794
"3071",98939
"3072",11913
"3073",6828
"3074",2807
"3075",4362
"3076",2743
"3077",7656
"3078",35093
"3079",69212
"3080",1737
"3081",3664
"3082",20676
"3083",106667
"3084",6294
"3085",121905
"3086",5595
"3087",44013
"3088",4341
"3089",110711
"3090",20738
"3091",72726
"3092",21448
"3093",16830
"3094",9608
"3095",62697
"3096",7297
"3097",11163
"3098",63886
"3099",16653
"3100",4975
"3101",24174
"3102",49578
"3103",5068
"3104",1457
"3105",1833
"3106",146084
"3107",168652
"3108",16871
"3109",2759
"3110",1149
"3111",6655
"3112",11985
"3113",21098
"3114",23376
"3115",1864
"3116",5881
"3117",2060
"3118",142351
"3119",9101
"3120",4958
"3121",2160
"3122",5963
"3123",1632
"3124",20434
"3125",159703
"3126",9328
"3127",6254
"3128",177628
"3129",3727
"3130",7519
"3131",7238
"3132",53612
"3133",110749
"3134",16463
"3135",9485
"3136",108008
"3137",18187
"3138",43462
"3139",7975
"3140",2922
"3141",1995
"3142",4250
"3143",17413
"3144",24994
"3145",58956
"3146",12289
"3147",7037
"3148",50259
"3149",29105
"3150",12811
"3151",123223
"3152",3524
"3153",20736
"3154",2084
"3155",83208
"3156",8073
"3157",11843
"3158",11076
"3159",4307
"3160",10822
"3161",29055
"3162",3014
"3163",3698
"3164",2277
"3165",70807
"3166",8853
"3167",6748
"3168",37030
"3169",2475
"3170",11958
"3171",24009
"3172",3504
"3173",1036
"3174",18055
"3175",2714
"3176",2196
"3177",4265
"3178",1175
"3179",1551
"3180",3385
"3181",11836
"3182",15978
"3183",6532
"3184",22983
"3185",41509
"3186",3294
"3187",9135
"3188",2891
"3189",33941
"3190",7180
"3191",9838
"3192",18361
"3193",649
"3194",3588
"3195",5411
"3196",13352
"3197",54705
"3198",80799
"3199",3839
"3200",12986
"3201",4863
"3202",37594
"3203",2012
"3204",5740
"3205",19122
"3206",6273
"3207",22694
"3208",2646
"3209",3824
"3210",3413
"3211",1828
"3212",6120
"3213",14405
"3214",20418
"3215",3432
"3216",15709
"3217",24682
"3218",920
"3219",11657
"3220",39371
"3221",4971
"3222",21620
"3223",9956
"3224",10063
"3225",93499
"3226",12911
"3227",1777
"3228",1051
"3229",40471
"3230",4283
"3231",2627
"3232",12961
"3233",2811
"3234",2639
"3235",1128
"3236",11035
"3237",58731
"3238",42476
"3239",36763
"3240",23141
"3241",1762
"3242",3999
"3243",18621
"3244",1235
"3245",4934
"3246",102887
"3247",1195
"3248",4758
"3249",12922
"3250",8936
"3251",4651
"3252",9509
"3253",17952
"3254",64271
"3255",6777
"3256",53002
"3257",7596
"3258",21532
"3259",1993
"3260",178093
"3261",37285
"3262",5168
"3263",52961
"3264",7738
"3265",18196
"3266",60164
"3267",27458
"3268",88101
"3269",11813
"3270",5698
"3271",1732
"3272",7201
"3273",84399
"3274",43168
"3275",12563
"3276",11626
"3277",25075
"3278",3619
"3279",4533
"3280",51685
"3281",18982
"3282",122836
"3283",49397
"3284",79955
"3285",15841
"3286",2549
"3287",81168
"3288",977
"3289",2535
"3290",120777
"3291",44694
"3292",4934
"3293",15230
"3294",1416
"3295",6410
"3296",1731
"3297",1763
"3298",26186
"3299",4603
"3300",1049
"3301",123189
"3302",3658
"3303",29769
"3304",3081
"3305",6283
"3306",2590
"3307",11612
"3308",4802
"3309",15591
"3310",15891
"3311",1842
"3312",18429
"3313",8712
"3314",3653
"3315",39399
"3316",10048
"3317",3488
"3318",4543
"3319",1584
"3320",108149
"3321",13758
"3322",914
"3323",2738
"3324",7075
"3325",5047
"3326",17407
"3327",20649
"3328",22491
"3329",55128
"3330",5534
"3331",40289
"3332",6440
"3333",97331
"3334",10737
"3335",6185
"3336",76209
"3337",2147
"3338",3202
"3339",11249
"3340",83429
"3341",858
"3342",27740
"3343",1406
"3344",39019
"3345",2871
"3346",11891
"3347",18071
"3348",3410
"3349",668
"3350",46773
"3351",5720
"3352",6868
"3353",19318
"3354",41929
"3355",31443
"3356",1255
"3357",13697
"3358",1071
"3359",3052
"3360",29097
"3361",1615
"3362",1385
"3363",2916
"3364",23155
"3365",10275
"3366",7894
"3367",5825
"3368",83348
"3369",6841
"3370",10834
"3371",77443
"3372",144296
"3373",62263
"3374",2560
"3375",14231
"3376",19176
"3377",3994
"3378",7548
"3379",9693
"3380",37406
"3381",14652
"3382",2689
"3383",44186
"3384",9107
"3385",54161
"3386",11019
"3387",10147
"3388",7788
"3389",4893
"3390",26514
"3391",11539
"3392",1034
"3393",32536
"3394",3621
"3395",67589
"3396",17532
"3397",7662
"3398",105761
"3399",3271
"3400",34847
"3401",6871
"3402",5519
"3403",13071
"3404",4513
"3405",72416
"3406",4441
"3407",1169
"3408",10017
"3409",2010
"3410",6371
"3411",11603
"3412",4349
"3413",6105
"3414",22698
"3415",4156
"3416",8927
"3417",18444
"3418",50103
"3419",3752
"3420",7753
"3421",20148
"3422",4055
"3423",50208
"3424",6332
"3425",62341
"3426",58309
"3427",142499
"3428",1273
"3429",64884
"3430",3108
"3431",1220
"3432",1646
"3433",59321
"3434",19516
"3435",4193
"3436",5302
"3437",12389
"3438",72692
"3439",6680
"3440",3700
"3441",15334
"3442",6299
"3443",12612
"3444",10723
"3445",1884
"3446",35472
"3447",589
"3448",3182
"3449",2127
"3450",4118
"3451",21194
"3452",15737
"3453",14189
"3454",1748
"3455",3591
"3456",9083
"3457",11545
"3458",52894
"3459",3199
"3460",6431
"3461",16826
"3462",140240
"3463",50066
"3464",6005
"3465",40428
"3466",48816
"3467",9202
"3468",7246
"3469",11794
"3470",1372
"3471",3600
"3472",59175
"3473",10279
"3474",4730
"3475",3727
"3476",2015
"3477",1761
"3478",17430
"3479",3300
"3480",60950
"3481",17618
"3482",1113
"3483",6969
"3484",29302
"3485",5881
"3486",6468
"3487",10077
"3488",22875
"3489",27281
"3490",26963
"3491",10113
"3492",42497
"3493",11604
"3494",14654
"3495",9040
"3496",7490
"3497",6305
"3498",15059
"3499",2506
"3500",8174
"3501",1081
"3502",12328
"3503",2899
"3504",7285
"3505",60949
"3506",7655
"3507",770
"3508",3678
"3509",7266
"3510",10194
"3511",6176
"3512",152959
"3513",11017
"3514",1042
"3515",136315
"3516",9187
"3517",51831
"3518",4323
"3519",1671
"3520",19731
"3521",24000
"3522",128734
"3523",12385
"3524",20469
"3525",7609
"3526",14444
"3527",2164
"3528",5704
"3529",8468
"3530",2980
"3531",13877
"3532",7472
"3533",7425
"3534",51711
"3535",23111
"3536",5935
"3537",2750
"3538",86983
"3539",8716
"3540",4400
"3541",36354
"3542",8375
"3543",1846
"3544",21781
"3545",39495
"3546",45491
"3547",13719
"3548",6036
"3549",2030
"3550",15677
"3551",20005
"3552",7851
"3553",20373
"3554",1171
"3555",73389
"3556",4581
"3557",7196
"3558",477
"3559",8110
"3560",4192
"3561",960
"3562",643
"3563",37408
"3564",21165
"3565",4001
"3566",969
"3567",8011
"3568",52050
"3569",4903
"3570",7369
"3571",17273
"3572",3052
"3573",6782
"3574",5924
"3575",101374
"3576",4211
"3577",5289
"3578",5370
"3579",56913
"3580",64410
"3581",54282
"3582",31969
"3583",5030
"3584",1479
"3585",18741
"3586",1124
"3587",170733
"3588",11775
"3589",39996
"3590",9113
"3591",2543
"3592",3041
"3593",7677
"3594",5559
"3595",4120
"3596",1669
"3597",2162
"3598",888
"3599",8251
"3600",40873
"3601",12973
"3602",63894
"3603",7460
"3604",1126
"3605",75453
"3606",12189
"3607",611
"3608",79360
"3609",1252
"3610",100576
"3611",28619
"3612",16267
"3613",1737
"3614",3357
"3615",5000
"3616",2320
"3617",96336
"3618",52948
"3619",14244
"3620",896
"3621",923
"3622",2743
"3623",10413
"3624",171478
"3625",31115
"3626",31970
"3627",17384
"3628",37941
"3629",4822
"3630",36710
"3631",1408
"3632",16896
"3633",27534
"3634",3352
"3635",27460
"3636",7338
"3637",31505
"3638",85362
"3639",3256
"3640",5240
"3641",28361
"3642",15177
"3643",3957
"3644",2842
"3645",2423
"3646",1327
"3647",2730
"3648",41126
"3649",9188
"3650",57759
"3651",4711
"3652",18556
"3653",2168
"3654",1259
"3655",1255
"3656",22184
"3657",13555
"3658",2044
"3659",12873
"3660",156513
"3661",10395
"3662",3902
"3663",3118
"3664",57519
"3665",3832
"3666",4149
"3667",4139
"3668",9391
"3669",9134
"3670",20382
"3671",63539
"3672",24008
"3673",6346
"3674",5167
"3675",9159
"3676",5983
"3677",1870
"3678",20296
"3679",11066
"3680",57790
"3681",20333
"3682",88942
"3683",3437
"3684",51673
"3685",5289
"3686",39597
"3687",5331
"3688",4894
"3689",20719
"3690",29106
"3691",4869
"3692",18210
"3693",6993
"3694",21896
"3695",3473
"3696",3867
"3697",18311
"3698",13464
"3699",2967
"3700",8656
"3701",152447
"3702",1584
"3703",19389
"3704",6415
"3705",19017
"3706",707
"3707",728
"3708",139165
"3709",5296
"3710",5053
"3711",1031
"3712",8640
"3713",52630
"3714",15362
"3715",23308
"3716",18801
"3717",5007
"3718",25383
"3719",2169
"3720",4225
"3721",137694
"3722",2091
"3723",2279
"3724",3561
"3725",12649
"3726",940
"3727",21376
"3728",23059
"3729",3596
"3730",65825
"3731",2342
"3732",6268
"3733",31113
"3734",3576
"3735",11072
"3736",12391
"3737",6812
"3738",1737
"3739",3174
"3740",11462
"3741",3375
"3742",22543
"3743",6926
"3744",15849
"3745",8246
"3746",15129
"3747",9948
"3748",3463
"3749",1522
"3750",4090
"3751",3062
"3752",806
"3753",537
"3754",492
"3755",5612
"3756",202132
"3757",1421
"3758",8848
"3759",2025
"3760",25202
"3761",940
"3762",69562
"3763",3573
"3764",36901
"3765",11867
"3766",23411
"3767",34816
"3768",13362
"3769",18786
"3770",3800
"3771",773
"3772",1154
"3773",4056
"3774",913
"3775",2463
"3776",11310
"3777",7200
"3778",17279
"3779",6462
"3780",7390
"3781",8586
"3782",136705
"3783",5500
"3784",2415
"3785",13742
"3786",2106
"3787",110803
"3788",5720
"3789",12993
"3790",139051
"3791",7647
"3792",9709
"3793",22475
"3794",11486
"3795",1446
"3796",48812
"3797",26776
"3798",49104
"3799",2498
"3800",4222
"3801",10769
"3802",183381
"3803",2883
"3804",4944
"3805",40766
"3806",1716
"3807",47304
"3808",6872
"3809",19057
"3810",6957
"3811",5054
"3812",22069
"3813",20798
"3814",25762
"3815",2421
"3816",5704
"3817",38614
"3818",44742
"3819",3980
"3820",11838
"3821",27656
"3822",45660
"3823",2142
"3824",32415
"3825",111944
"3826",20993
"3827",5500
"3828",106716
"3829",12630
"3830",4982
"3831",4745
"3832",5886
"3833",3973
"3834",42476
"3835",49736
"3836",4159
"3837",6270
"3838",12645
"3839",2064
"3840",215000
"3841",5998
"3842",61742
"3843",1436
"3844",3530
"3845",10542
"3846",30393
"3847",2245
"3848",87737
"3849",10050
"3850",4049
"3851",1669
"3852",12019
"3853",2406
"3854",22985
"3855",10703
"3856",1538
"3857",2853
"3858",29073
"3859",2074
"3860",161077
"3861",561
"3862",16242
"3863",26872
"3864",92179
"3865",1961
"3866",899
"3867",8784
"3868",2830
"3869",707
"3870",10605
"3871",170503
"3872",57144
"3873",4426
"3874",4728
"3875",32830
"3876",5987
"3877",68386
"3878",11270
"3879",14491
"3880",63507
"3881",17363
"3882",4592
"3883",16709
"3884",22207
"3885",19238
"3886",6635
"3887",9694
"3888",143502
"3889",5327
"3890",35856
"3891",678
"3892",101357
"3893",33382
"3894",118608
"3895",2882
"3896",6731
"3897",14517
"3898",2689
"3899",1600
"3900",22276
"3901",2517
"3902",1156
"3903",14127
"3904",1843
"3905",78578
"3906",13910
"3907",6343
"3908",2928
"3909",3977
"3910",4888
"3911",2926
"3912",1296
"3913",10842
"3914",61517
"3915",3839
"3916",1141
"3917",98467
"3918",29134
"3919",44028
"3920",20255
"3921",7379
"3922",930
"3923",10602
"3924",3922
"3925",122606
"3926",43828
"3927",3949
"3928",56375
"3929",17472
"3930",14487
"3931",2915
"3932",22694
"3933",3840
"3934",5976
"3935",31437
"3936",54096
"3937",1614
"3938",162186
"3939",23379
"3940",12468
"3941",111038
"3942",16439
"3943",3450
"3944",5238
"3945",6225
"3946",5023
"3947",3260
"3948",32120
"3949",4039
"3950",2247
"3951",1220
"3952",27199
"3953",2949
"3954",47922
"3955",6165
"3956",4189
"3957",111426
"3958",6143
"3959",1354
"3960",12150
"3961",59869
"3962",143545
"3963",54788
"3964",6250
"3965",3028
"3966",44745
"3967",8155
"3968",53978
"3969",14125
"3970",6143
"3971",10338
"3972",89507
"3973",747
"3974",9875
"3975",4769
"3976",14883
"3977",2909
"3978",2139
"3979",20772
"3980",1434
"3981",2681
"3982",3190
"3983",2583
"3984",26176
"3985",80213
"3986",4036
"3987",2406
"3988",140477
"3989",1872
"3990",9849
"3991",19467
"3992",2406
"3993",6500
"3994",23786
"3995",4362
"3996",2048
"3997",27846
"3998",6208
"3999",12315
"4000",1515
"4001",8013
"4002",1521
"4003",1689
"4004",2789
"4005",3054
"4006",18356
"4007",41010
"4008",13452
"4009",4841
"4010",2501
"4011",5039
"4012",18157
"4013",30140
"4014",30474
"4015",1308
"4016",4793
"4017",9400
"4018",11106
"4019",7407
"4020",59712
"4021",714
"4022",5004
"4023",2923
"4024",7146
"4025",25034
"4026",22052
"4027",17404
"4028",11143
"4029",4262
"4030",8433
"4031",24696
"4032",35047
"4033",4812
"4034",12858
"4035",7059
"4036",21523
"4037",6177
"4038",66821
"4039",2066
"4040",8937
"4041",23793
"4042",11332
"4043",92368
"4044",10660
"4045",88169
"4046",10935
"4047",1157
"4048",4386
"4049",5945
"4050",5707
"4051",5880
"4052",2226
"4053",9139
"4054",3159
"4055",4791
"4056",62951
"4057",26717
"4058",3985
"4059",21769
"4060",11955
"4061",6526
"4062",917
"4063",40641
"4064",67617
"4065",1367
"4066",3824
"4067",8621
"4068",9044
"4069",13391
"4070",14928
"4071",3465
"4072",13972
"4073",4212
"4074",74296
"4075",5384
"4076",3017
"4077",1225
"4078",9469
"4079",1942
"4080",32221
"4081",10686
"4082",23366
"4083",18436
"4084",7194
"4085",28773
"4086",41906
"4087",11864
"4088",48304
"4089",21781
"4090",4854
"4091",8332
"4092",66329
"4093",3038
"4094",6402
"4095",1204
"4096",4956
"4097",103174
"4098",7368
"4099",7368
"4100",26031
"4101",6924
"4102",3294
"4103",5426
"4104",19447
"4105",15404
"4106",4694
"4107",37659
"4108",40755
"4109",33746
"4110",2968
"4111",836
"4112",74166
"4113",9798
"4114",9661
"4115",52766
"4116",6465
"4117",9356
"4118",4985
"4119",4655
"4120",30764
"4121",1146
"4122",4758
"4123",123447
"4124",15510
"4125",5890
"4126",1794
"4127",22364
"4128",22927
"4129",1463
"4130",3751
"4131",8296
"4132",49983
"4133",2476
"4134",2097
"4135",35880
"4136",34299
"4137",81402
"4138",15595
"4139",40806
"4140",796
"4141",95100
"4142",11249
"4143",636
"4144",11218
"4145",148766
"4146",34531
"4147",8664
"4148",2266
"4149",139680
"4150",2317
"4151",1369
"4152",36828
"4153",4881
"4154",1784
"4155",9571
"4156",1857
"4157",16128
"4158",2658
"4159",66641
"4160",1757
"4161",3296
"4162",3347
"4163",1825
"4164",2090
"4165",5876
"4166",22512
"4167",7042
"4168",6345
"4169",3855
"4170",44775
"4171",18707
"4172",8709
"4173",4241
"4174",25434
"4175",484
"4176",3313
"4177",4837
"4178",17731
"4179",9369
"4180",10864
"4181",1286
"4182",6997
"4183",13999
"4184",6458
"4185",5793
"4186",1557
"4187",2738
"4188",99655
"4189",3857
"4190",1924
"4191",18081
"4192",15938
"4193",104505
"4194",3573
"4195",5152
"4196",10552
"4197",4811
"4198",14036
"4199",2492
"4200",5753
"4201",5798
"4202",326
"4203",2990
"4204",2932
"4205",2379
"4206",5136
"4207",21770
"4208",3103
"4209",2635
"4210",13675
"4211",8616
"4212",4706
"4213",37977
"4214",8474
"4215",874
"4216",46938
"4217",822
"4218",20156
"4219",17480
"4220",4026
"4221",1105
"4222",27470
"4223",3773
"4224",11209
"4225",9197
"4226",1443
"4227",53743
"4228",1467
"4229",11486
"4230",2849
"4231",999
"4232",967
"4233",1065
"4234",1492
"4235",564
"4236",8857
"4237",11671
"4238",2814
"4239",457
"4240",2295
"4241",1889
"4242",779
"4243",3170
"4244",84252
"4245",18272
"4246",2119
"4247",12321
"4248",11782
"4249",3742
"4250",769
"4251",1040
"4252",5623
"4253",9107
"4254",58595
"4255",80047
"4256",42455
"4257",6448
"4258",8350
"4259",2423
"4260",128148
"4261",8145
"4262",49511
"4263",1759
"4264",5031
"4265",95342
"4266",88903
"4267",2937
"4268",4026
"4269",16643
"4270",1724
"4271",19588
"4272",686
"4273",764
"4274",7765
"4275",5104
"4276",1332
"4277",707
"4278",3072
"4279",3778
"4280",1465
"4281",6906
"4282",7491
"4283",150047
"4284",16809
"4285",22174
"4286",4251
"4287",11466
"4288",1671
"4289",6554
"4290",2964
"4291",3656
"4292",568
"4293",1042
"4294",4776
"4295",6757
"4296",1964
"4297",1173
"4298",5007
"4299",2550
"4300",784
"4301",535
"4302",59277
"4303",1178
"4304",40420
"4305",16083
"4306",152505
"4307",43728
"4308",3513
"4309",12380
"4310",41932
"4311",588
"4312",937
"4313",2469
"4314",8437
"4315",70773
"4316",5146
"4317",1515
"4318",1484
"4319",26583
"4320",9600
"4321",856
"4322",2766
"4323",1430
"4324",407
"4325",34929
"4326",7491
"4327",23594
"4328",12291
"4329",954
"4330",77227
"4331",13215
"4332",1188
"4333",62966
"4334",2651
"4335",2265
"4336",35254
"4337",1894
"4338",8899
"4339",10826
"4340",13913
"4341",86406
"4342",44808
"4343",999
"4344",2903
"4345",90626
"4346",5446
"4347",69771
"4348",1771
"4349",7772
"4350",5274
"4351",542
"4352",42683
"4353",13228
"4354",4951
"4355",17552
"4356",110501
"4357",9150
"4358",11903
"4359",1346
"4360",6168
"4361",2085
"4362",5056
"4363",5266
"4364",29947
"4365",1317
"4366",3654
"4367",1704
"4368",4210
"4369",37968
"4370",4648
"4371",1411
"4372",3576
"4373",17719
"4374",9799
"4375",1105
"4376",6744
"4377",2790
"4378",5974
"4379",2893
"4380",9871
"4381",6613
"4382",33024
"4383",4299
"4384",52186
"4385",4950
"4386",8715
"4387",3381
"4388",645
"4389",39922
"4390",2963
"4391",3810
"4392",27517
"4393",39919
"4394",6829
"4395",32774
"4396",7191
"4397",65659
"4398",2128
"4399",9521
"4400",809
"4401",1919
"4402",51389
"4403",1641
"4404",6323
"4405",123471
"4406",932
"4407",2075
"4408",922
"4409",7997
"4410",208
"4411",2602
"4412",8458
"4413",3009
"4414",1826
"4415",2009
"4416",73106
"4417",1010
"4418",15276
"4419",3615
"4420",17040
"4421",1575
"4422",291
"4423",1024
"4424",451
"4425",305
"4426",724
"4427",6834
"4428",482
"4429",34602
"4430",329
"4431",4373
"4432",156383
"4433",363
"4434",558
"4435",146
"4436",691
"4437",382
"4438",2224
"4439",5191
"4440",563
"4441",6539
"4442",2789
"4443",3670
"4444",786
"4445",408
"4446",6840
"4447",671
"4448",594
"4449",1495
"4450",2653
"4451",593
"4452",1728
"4453",392
"4454",6932
"4455",53990
"4456",1231
"4457",322
"4458",654
"4459",7438
"4460",2176
"4461",13942
"4462",1825
"4463",2105
"4464",824
"4465",5644
"4466",165
"4467",31982
"4468",1170
"4469",281
"4470",633
"4471",1318
"4472",101230
"4473",732
"4474",4372
"4475",327
"4476",1375
"4477",18801
"4478",7125
"4479",24035
"4480",1247
"4481",6664
"4482",40859
"4483",3217
"4484",1436
"4485",3859
"4486",3096
"4487",921
"4488",37549
"4489",1554
"4490",47525
"4491",726
"4492",9734
"4493",6555
"4494",11919
"4495",1596
"4496",9637
"4497",842
"4498",1672
"4499",2839
"4500",250
"4501",5864
"4502",169
"4503",110
"4504",22890
"4505",169
"4506",6183
"4507",234
"4508",340
"4509",174
"4510",235
"4511",237
"4512",160
"4513",2264
"4514",802
"4515",6487
"4516",1705
"4517",2150
"4518",146
"4519",279
"4520",317
"4521",164
"4522",250
"4523",237
"4524",11092
"4525",1277
"4526",519
"4527",75
"4528",4028
"4529",4271
"4530",479
"4531",122
"4532",403
"4533",22091
"4534",1390
"4535",453
"4536",215
"4537",1654
"4538",10612
"4539",1403
"4540",178
"4541",141
"4542",2290
"4543",6400
"4544",20058
"4545",2031
"4546",236
"4547",282
"4548",803
"4549",19431
"4550",71639
"4551",129
"4552",78795
"4553",306
"4554",126
"4555",39031
"4556",2053
"4557",699
"4558",132
"4559",1876
"4560",960
"4561",113
"4562",2198
"4563",3723
"4564",137
"4565",282
"4566",585
"4567",997
"4568",128
"4569",171
"4570",218
"4571",2004
"4572",196
"4573",3997
"4574",618
"4575",17257
"4576",113
"4577",2948
"4578",231
"4579",98
"4580",500
"4581",10686
"4582",309
"4583",418
"4584",74
"4585",169
"4586",80
"4587",134
"4588",4198
"4589",320
"4590",6802
"4591",287
"4592",96
"4593",3637
"4594",162
"4595",832
"4596",7021
"4597",254
"4598",7872
"4599",2469
"4600",294
"4601",589
"4602",2583
"4603",170
"4604",154
"4605",91
"4606",212
"4607",918
"4608",113
"4609",6578
"4610",7491
"4611",22119
"4612",74779
"4613",4279
"4614",2047
"4615",240
"4616",498
"4617",13705
"4618",214
"4619",413
"4620",81
"4621",19669
"4622",580
"4623",144
"4624",126
"4625",27
"4626",19459
"4627",217
"4628",412
"4629",1345
"4630",839
"4631",543
"4632",9395
"4633",17466
"4634",1338
"4635",5742
"4636",98
"4637",8805
"4638",163
"4639",159
"4640",173
"4641",364
"4642",1412
"4643",194
"4644",292
"4645",31743
"4646",127
"4647",5814
"4648",1169
"4649",244
"4650",215
"4651",4104
"4652",543
"4653",2625
"4654",138
"4655",2286
"4656",194
"4657",25181
"4658",107
"4659",102
"4660",240
"4661",23062
"4662",149
"4663",133
"4664",64
"4665",652
"4666",890
"4667",122
"4668",73
"4669",102
"4670",2907
"4671",40251
"4672",160
"4673",76
"4674",196
"4675",1155
"4676",7694
"4677",109
"4678",702
"4679",392
"4680",377
"4681",1191
"4682",90
"4683",225
"4684",315
"4685",111
"4686",365
"4687",243
"4688",686
"4689",79062
"4690",62604
"4691",750
"4692",702
"4693",1946
"4694",420
"4695",180
"4696",561
"4697",56
"4698",3875
"4699",1241
"4700",753
"4701",155
"4702",1279
"4703",553
"4704",130
"4705",13501
"4706",65933
"4707",2450
"4708",1455
"4709",18969
"4710",123
"4711",1804
